id,label,timeset,users_can_post,category,username,talking_about_count,post_activity,fan_count,modularity_class,group
35245929077,Disney Pixar,,no,Movie/Television Studio,DisneyPixar,70007,0.11,14537958,0,1
35245929077,Disney Pixar,,no,Movie/Television Studio,DisneyPixar,70007,0.11,14537958,0,1
35245929077,Disney Pixar,,no,Movie/Television Studio,DisneyPixar,70007,0.11,14537958,0,1
35245929077,Disney Pixar,,no,Movie/Television Studio,DisneyPixar,70007,0.11,14537958,0,1
35245929077,Disney Pixar,,no,Movie/Television Studio,DisneyPixar,70007,0.11,14537958,0,1
35245929077,Disney Pixar,,no,Movie/Television Studio,DisneyPixar,70007,0.11,14537958,0,1
35245929077,Disney Pixar,,no,Movie/Television Studio,DisneyPixar,70007,0.11,14537958,0,1
35245929077,Disney Pixar,,no,Movie/Television Studio,DisneyPixar,70007,0.11,14537958,0,1
35245929077,Disney Pixar,,no,Movie/Television Studio,DisneyPixar,70007,0.11,14537958,0,1
35245929077,Disney Pixar,,no,Movie/Television Studio,DisneyPixar,70007,0.11,14537958,0,1
350971605012154,Finding Dory,,no,Movie,PixarFindingDory,7227,0.02,3106740,0,1
350971605012154,Finding Dory,,no,Movie,PixarFindingDory,7227,0.02,3106740,0,1
350971605012154,Finding Dory,,no,Movie,PixarFindingDory,7227,0.02,3106740,0,1
350971605012154,Finding Dory,,no,Movie,PixarFindingDory,7227,0.02,3106740,0,1
350971605012154,Finding Dory,,no,Movie,PixarFindingDory,7227,0.02,3106740,0,1
350971605012154,Finding Dory,,no,Movie,PixarFindingDory,7227,0.02,3106740,0,1
350971605012154,Finding Dory,,no,Movie,PixarFindingDory,7227,0.02,3106740,0,1
350971605012154,Finding Dory,,no,Movie,PixarFindingDory,7227,0.02,3106740,0,1
350971605012154,Finding Dory,,no,Movie,PixarFindingDory,7227,0.02,3106740,0,1
350971605012154,Finding Dory,,no,Movie,PixarFindingDory,7227,0.02,3106740,0,1
453888788023958,Inside Out,,no,Movie,PixarInsideOut,14149,0.02,924334,0,1
453888788023958,Inside Out,,no,Movie,PixarInsideOut,14149,0.02,924334,0,1
453888788023958,Inside Out,,no,Movie,PixarInsideOut,14149,0.02,924334,0,1
453888788023958,Inside Out,,no,Movie,PixarInsideOut,14149,0.02,924334,0,1
453888788023958,Inside Out,,no,Movie,PixarInsideOut,14149,0.02,924334,0,1
453888788023958,Inside Out,,no,Movie,PixarInsideOut,14149,0.02,924334,0,1
453888788023958,Inside Out,,no,Movie,PixarInsideOut,14149,0.02,924334,0,1
453888788023958,Inside Out,,no,Movie,PixarInsideOut,14149,0.02,924334,0,1
453888788023958,Inside Out,,no,Movie,PixarInsideOut,14149,0.02,924334,0,1
453888788023958,Inside Out,,no,Movie,PixarInsideOut,14149,0.02,924334,0,1
485442944898413,Colin's Friends,,yes,Community,Coliniseleven,15394,0.17,1921726,0,1
485442944898413,Colin's Friends,,yes,Community,Coliniseleven,15394,0.17,1921726,0,1
485442944898413,Colin's Friends,,yes,Community,Coliniseleven,15394,0.17,1921726,0,1
485442944898413,Colin's Friends,,yes,Community,Coliniseleven,15394,0.17,1921726,0,1
485442944898413,Colin's Friends,,yes,Community,Coliniseleven,15394,0.17,1921726,0,1
485442944898413,Colin's Friends,,yes,Community,Coliniseleven,15394,0.17,1921726,0,1
485442944898413,Colin's Friends,,yes,Community,Coliniseleven,15394,0.17,1921726,0,1
485442944898413,Colin's Friends,,yes,Community,Coliniseleven,15394,0.17,1921726,0,1
485442944898413,Colin's Friends,,yes,Community,Coliniseleven,15394,0.17,1921726,0,1
485442944898413,Colin's Friends,,yes,Community,Coliniseleven,15394,0.17,1921726,0,1
132180523866,Boo,,no,Movie Character,MonstersIncBoo,26129,0.0,21727110,1,1
132180523866,Boo,,no,Movie Character,MonstersIncBoo,26129,0.0,21727110,1,1
132180523866,Boo,,no,Movie Character,MonstersIncBoo,26129,0.0,21727110,1,1
132180523866,Boo,,no,Movie Character,MonstersIncBoo,26129,0.0,21727110,1,1
132180523866,Boo,,no,Movie Character,MonstersIncBoo,26129,0.0,21727110,1,1
132180523866,Boo,,no,Movie Character,MonstersIncBoo,26129,0.0,21727110,1,1
132180523866,Boo,,no,Movie Character,MonstersIncBoo,26129,0.0,21727110,1,1
132180523866,Boo,,no,Movie Character,MonstersIncBoo,26129,0.0,21727110,1,1
132180523866,Boo,,no,Movie Character,MonstersIncBoo,26129,0.0,21727110,1,1
132180523866,Boo,,no,Movie Character,MonstersIncBoo,26129,0.0,21727110,1,1
320726104664127,The Good Dinosaur,,no,Movie,PixarTheGoodDinosaur,1941,0.01,354319,0,1
320726104664127,The Good Dinosaur,,no,Movie,PixarTheGoodDinosaur,1941,0.01,354319,0,1
320726104664127,The Good Dinosaur,,no,Movie,PixarTheGoodDinosaur,1941,0.01,354319,0,1
320726104664127,The Good Dinosaur,,no,Movie,PixarTheGoodDinosaur,1941,0.01,354319,0,1
320726104664127,The Good Dinosaur,,no,Movie,PixarTheGoodDinosaur,1941,0.01,354319,0,1
320726104664127,The Good Dinosaur,,no,Movie,PixarTheGoodDinosaur,1941,0.01,354319,0,1
320726104664127,The Good Dinosaur,,no,Movie,PixarTheGoodDinosaur,1941,0.01,354319,0,1
320726104664127,The Good Dinosaur,,no,Movie,PixarTheGoodDinosaur,1941,0.01,354319,0,1
320726104664127,The Good Dinosaur,,no,Movie,PixarTheGoodDinosaur,1941,0.01,354319,0,1
320726104664127,The Good Dinosaur,,no,Movie,PixarTheGoodDinosaur,1941,0.01,354319,0,1
17377140236,Ratatouille,,no,Movie,PixarRatatouille,17632,0.02,8553480,1,1
17377140236,Ratatouille,,no,Movie,PixarRatatouille,17632,0.02,8553480,1,1
17377140236,Ratatouille,,no,Movie,PixarRatatouille,17632,0.02,8553480,1,1
17377140236,Ratatouille,,no,Movie,PixarRatatouille,17632,0.02,8553480,1,1
17377140236,Ratatouille,,no,Movie,PixarRatatouille,17632,0.02,8553480,1,1
17377140236,Ratatouille,,no,Movie,PixarRatatouille,17632,0.02,8553480,1,1
17377140236,Ratatouille,,no,Movie,PixarRatatouille,17632,0.02,8553480,1,1
17377140236,Ratatouille,,no,Movie,PixarRatatouille,17632,0.02,8553480,1,1
17377140236,Ratatouille,,no,Movie,PixarRatatouille,17632,0.02,8553480,1,1
17377140236,Ratatouille,,no,Movie,PixarRatatouille,17632,0.02,8553480,1,1
6877151199,Fandango,,yes,Entertainment Website,Fandango,312403,0.15,2009857,2,1
6877151199,Fandango,,yes,Entertainment Website,Fandango,312403,0.15,2009857,2,1
6877151199,Fandango,,yes,Entertainment Website,Fandango,312403,0.15,2009857,2,1
6877151199,Fandango,,yes,Entertainment Website,Fandango,312403,0.15,2009857,2,1
6877151199,Fandango,,yes,Entertainment Website,Fandango,312403,0.15,2009857,2,1
6877151199,Fandango,,yes,Entertainment Website,Fandango,312403,0.15,2009857,2,1
6877151199,Fandango,,yes,Entertainment Website,Fandango,312403,0.15,2009857,2,1
6877151199,Fandango,,yes,Entertainment Website,Fandango,312403,0.15,2009857,2,1
6877151199,Fandango,,yes,Entertainment Website,Fandango,312403,0.15,2009857,2,1
6877151199,Fandango,,yes,Entertainment Website,Fandango,312403,0.15,2009857,2,1
156129274416840,Brave,,no,Movie,PixarBrave,17731,0.02,8628973,2,1
156129274416840,Brave,,no,Movie,PixarBrave,17731,0.02,8628973,2,1
156129274416840,Brave,,no,Movie,PixarBrave,17731,0.02,8628973,2,1
156129274416840,Brave,,no,Movie,PixarBrave,17731,0.02,8628973,2,1
156129274416840,Brave,,no,Movie,PixarBrave,17731,0.02,8628973,2,1
156129274416840,Brave,,no,Movie,PixarBrave,17731,0.02,8628973,2,1
156129274416840,Brave,,no,Movie,PixarBrave,17731,0.02,8628973,2,1
156129274416840,Brave,,no,Movie,PixarBrave,17731,0.02,8628973,2,1
156129274416840,Brave,,no,Movie,PixarBrave,17731,0.02,8628973,2,1
156129274416840,Brave,,no,Movie,PixarBrave,17731,0.02,8628973,2,1
107118476015267,Disney Games,,yes,Games/Toys,DisneyGames,4754,0.03,2877878,2,1
107118476015267,Disney Games,,yes,Games/Toys,DisneyGames,4754,0.03,2877878,2,1
107118476015267,Disney Games,,yes,Games/Toys,DisneyGames,4754,0.03,2877878,2,1
107118476015267,Disney Games,,yes,Games/Toys,DisneyGames,4754,0.03,2877878,2,1
107118476015267,Disney Games,,yes,Games/Toys,DisneyGames,4754,0.03,2877878,2,1
107118476015267,Disney Games,,yes,Games/Toys,DisneyGames,4754,0.03,2877878,2,1
107118476015267,Disney Games,,yes,Games/Toys,DisneyGames,4754,0.03,2877878,2,1
107118476015267,Disney Games,,yes,Games/Toys,DisneyGames,4754,0.03,2877878,2,1
107118476015267,Disney Games,,yes,Games/Toys,DisneyGames,4754,0.03,2877878,2,1
107118476015267,Disney Games,,yes,Games/Toys,DisneyGames,4754,0.03,2877878,2,1
125502530827816,A Bug's Life,,no,Movie,PixarABugsLife,1491,0.01,2077776,0,1
125502530827816,A Bug's Life,,no,Movie,PixarABugsLife,1491,0.01,2077776,0,1
125502530827816,A Bug's Life,,no,Movie,PixarABugsLife,1491,0.01,2077776,0,1
125502530827816,A Bug's Life,,no,Movie,PixarABugsLife,1491,0.01,2077776,0,1
125502530827816,A Bug's Life,,no,Movie,PixarABugsLife,1491,0.01,2077776,0,1
125502530827816,A Bug's Life,,no,Movie,PixarABugsLife,1491,0.01,2077776,0,1
125502530827816,A Bug's Life,,no,Movie,PixarABugsLife,1491,0.01,2077776,0,1
125502530827816,A Bug's Life,,no,Movie,PixarABugsLife,1491,0.01,2077776,0,1
125502530827816,A Bug's Life,,no,Movie,PixarABugsLife,1491,0.01,2077776,0,1
125502530827816,A Bug's Life,,no,Movie,PixarABugsLife,1491,0.01,2077776,0,1
29349922628,WALL•E,,no,Movie,PixarWallE,12654,0.02,8645185,3,1
29349922628,WALL•E,,no,Movie,PixarWallE,12654,0.02,8645185,3,1
29349922628,WALL•E,,no,Movie,PixarWallE,12654,0.02,8645185,3,1
29349922628,WALL•E,,no,Movie,PixarWallE,12654,0.02,8645185,3,1
29349922628,WALL•E,,no,Movie,PixarWallE,12654,0.02,8645185,3,1
29349922628,WALL•E,,no,Movie,PixarWallE,12654,0.02,8645185,3,1
29349922628,WALL•E,,no,Movie,PixarWallE,12654,0.02,8645185,3,1
29349922628,WALL•E,,no,Movie,PixarWallE,12654,0.02,8645185,3,1
29349922628,WALL•E,,no,Movie,PixarWallE,12654,0.02,8645185,3,1
29349922628,WALL•E,,no,Movie,PixarWallE,12654,0.02,8645185,3,1
118194755634,Up,,no,Movie,PixarUp,48761,0.04,14535988,1,1
118194755634,Up,,no,Movie,PixarUp,48761,0.04,14535988,1,1
118194755634,Up,,no,Movie,PixarUp,48761,0.04,14535988,1,1
118194755634,Up,,no,Movie,PixarUp,48761,0.04,14535988,1,1
118194755634,Up,,no,Movie,PixarUp,48761,0.04,14535988,1,1
118194755634,Up,,no,Movie,PixarUp,48761,0.04,14535988,1,1
118194755634,Up,,no,Movie,PixarUp,48761,0.04,14535988,1,1
118194755634,Up,,no,Movie,PixarUp,48761,0.04,14535988,1,1
118194755634,Up,,no,Movie,PixarUp,48761,0.04,14535988,1,1
118194755634,Up,,no,Movie,PixarUp,48761,0.04,14535988,1,1
17765071054,The Incredibles,,no,Movie,PixarTheIncredibles,17591,0.03,7375526,0,1
17765071054,The Incredibles,,no,Movie,PixarTheIncredibles,17591,0.03,7375526,0,1
17765071054,The Incredibles,,no,Movie,PixarTheIncredibles,17591,0.03,7375526,0,1
17765071054,The Incredibles,,no,Movie,PixarTheIncredibles,17591,0.03,7375526,0,1
17765071054,The Incredibles,,no,Movie,PixarTheIncredibles,17591,0.03,7375526,0,1
17765071054,The Incredibles,,no,Movie,PixarTheIncredibles,17591,0.03,7375526,0,1
17765071054,The Incredibles,,no,Movie,PixarTheIncredibles,17591,0.03,7375526,0,1
17765071054,The Incredibles,,no,Movie,PixarTheIncredibles,17591,0.03,7375526,0,1
17765071054,The Incredibles,,no,Movie,PixarTheIncredibles,17591,0.03,7375526,0,1
17765071054,The Incredibles,,no,Movie,PixarTheIncredibles,17591,0.03,7375526,0,1
11215611028,Monsters, Inc.,,no,Movie,PixarMonstersInc,19039,0.02,14300865,1,1
11215611028,Monsters, Inc.,,no,Movie,PixarMonstersInc,19039,0.02,14300865,1,1
11215611028,Monsters, Inc.,,no,Movie,PixarMonstersInc,19039,0.02,14300865,1,1
11215611028,Monsters, Inc.,,no,Movie,PixarMonstersInc,19039,0.02,14300865,1,1
11215611028,Monsters, Inc.,,no,Movie,PixarMonstersInc,19039,0.02,14300865,1,1
11215611028,Monsters, Inc.,,no,Movie,PixarMonstersInc,19039,0.02,14300865,1,1
11215611028,Monsters, Inc.,,no,Movie,PixarMonstersInc,19039,0.02,14300865,1,1
11215611028,Monsters, Inc.,,no,Movie,PixarMonstersInc,19039,0.02,14300865,1,1
11215611028,Monsters, Inc.,,no,Movie,PixarMonstersInc,19039,0.02,14300865,1,1
11215611028,Monsters, Inc.,,no,Movie,PixarMonstersInc,19039,0.02,14300865,1,1
15294801701,Finding Nemo,,no,Movie,PixarFindingNemo,18691,0.02,18948446,1,1
15294801701,Finding Nemo,,no,Movie,PixarFindingNemo,18691,0.02,18948446,1,1
15294801701,Finding Nemo,,no,Movie,PixarFindingNemo,18691,0.02,18948446,1,1
15294801701,Finding Nemo,,no,Movie,PixarFindingNemo,18691,0.02,18948446,1,1
15294801701,Finding Nemo,,no,Movie,PixarFindingNemo,18691,0.02,18948446,1,1
15294801701,Finding Nemo,,no,Movie,PixarFindingNemo,18691,0.02,18948446,1,1
15294801701,Finding Nemo,,no,Movie,PixarFindingNemo,18691,0.02,18948446,1,1
15294801701,Finding Nemo,,no,Movie,PixarFindingNemo,18691,0.02,18948446,1,1
15294801701,Finding Nemo,,no,Movie,PixarFindingNemo,18691,0.02,18948446,1,1
15294801701,Finding Nemo,,no,Movie,PixarFindingNemo,18691,0.02,18948446,1,1
31159065182,Cars,,no,Movie,PixarCars,37607,0.01,16598052,2,1
31159065182,Cars,,no,Movie,PixarCars,37607,0.01,16598052,2,1
31159065182,Cars,,no,Movie,PixarCars,37607,0.01,16598052,2,1
31159065182,Cars,,no,Movie,PixarCars,37607,0.01,16598052,2,1
31159065182,Cars,,no,Movie,PixarCars,37607,0.01,16598052,2,1
31159065182,Cars,,no,Movie,PixarCars,37607,0.01,16598052,2,1
31159065182,Cars,,no,Movie,PixarCars,37607,0.01,16598052,2,1
31159065182,Cars,,no,Movie,PixarCars,37607,0.01,16598052,2,1
31159065182,Cars,,no,Movie,PixarCars,37607,0.01,16598052,2,1
31159065182,Cars,,no,Movie,PixarCars,37607,0.01,16598052,2,1
10498014129,Toy Story,,no,Movie,PixarToyStory,72658,0.06,31905723,3,1
10498014129,Toy Story,,no,Movie,PixarToyStory,72658,0.06,31905723,3,1
10498014129,Toy Story,,no,Movie,PixarToyStory,72658,0.06,31905723,3,1
10498014129,Toy Story,,no,Movie,PixarToyStory,72658,0.06,31905723,3,1
10498014129,Toy Story,,no,Movie,PixarToyStory,72658,0.06,31905723,3,1
10498014129,Toy Story,,no,Movie,PixarToyStory,72658,0.06,31905723,3,1
10498014129,Toy Story,,no,Movie,PixarToyStory,72658,0.06,31905723,3,1
10498014129,Toy Story,,no,Movie,PixarToyStory,72658,0.06,31905723,3,1
10498014129,Toy Story,,no,Movie,PixarToyStory,72658,0.06,31905723,3,1
10498014129,Toy Story,,no,Movie,PixarToyStory,72658,0.06,31905723,3,1
11784025953,Disney,,no,Arts & Entertainment,Disney,303033,0.24,50875649,1,1
11784025953,Disney,,no,Arts & Entertainment,Disney,303033,0.24,50875649,1,1
11784025953,Disney,,no,Arts & Entertainment,Disney,303033,0.24,50875649,1,1
11784025953,Disney,,no,Arts & Entertainment,Disney,303033,0.24,50875649,1,1
11784025953,Disney,,no,Arts & Entertainment,Disney,303033,0.24,50875649,1,1
11784025953,Disney,,no,Arts & Entertainment,Disney,303033,0.24,50875649,1,1
11784025953,Disney,,no,Arts & Entertainment,Disney,303033,0.24,50875649,1,1
11784025953,Disney,,no,Arts & Entertainment,Disney,303033,0.24,50875649,1,1
11784025953,Disney,,no,Arts & Entertainment,Disney,303033,0.24,50875649,1,1
11784025953,Disney,,no,Arts & Entertainment,Disney,303033,0.24,50875649,1,1
id,label,timeset,users_can_post,category,username,talking_about_count,post_activity,fan_count,modularity_class,2
id,label,timeset,users_can_post,category,username,talking_about_count,post_activity,fan_count,modularity_class,2
id,label,timeset,users_can_post,category,username,talking_about_count,post_activity,fan_count,modularity_class,2
id,label,timeset,users_can_post,category,username,talking_about_count,post_activity,fan_count,modularity_class,2
id,label,timeset,users_can_post,category,username,talking_about_count,post_activity,fan_count,modularity_class,2
id,label,timeset,users_can_post,category,username,talking_about_count,post_activity,fan_count,modularity_class,2
id,label,timeset,users_can_post,category,username,talking_about_count,post_activity,fan_count,modularity_class,2
id,label,timeset,users_can_post,category,username,talking_about_count,post_activity,fan_count,modularity_class,2
id,label,timeset,users_can_post,category,username,talking_about_count,post_activity,fan_count,modularity_class,2
id,label,timeset,users_can_post,category,username,talking_about_count,post_activity,fan_count,modularity_class,2
11640096627,Warner Bros. Entertainment,,no,Company,warnerbrosent,18841,0.04,3317700,0,2
11640096627,Warner Bros. Entertainment,,no,Company,warnerbrosent,18841,0.04,3317700,0,2
11640096627,Warner Bros. Entertainment,,no,Company,warnerbrosent,18841,0.04,3317700,0,2
11640096627,Warner Bros. Entertainment,,no,Company,warnerbrosent,18841,0.04,3317700,0,2
11640096627,Warner Bros. Entertainment,,no,Company,warnerbrosent,18841,0.04,3317700,0,2
11640096627,Warner Bros. Entertainment,,no,Company,warnerbrosent,18841,0.04,3317700,0,2
11640096627,Warner Bros. Entertainment,,no,Company,warnerbrosent,18841,0.04,3317700,0,2
11640096627,Warner Bros. Entertainment,,no,Company,warnerbrosent,18841,0.04,3317700,0,2
11640096627,Warner Bros. Entertainment,,no,Company,warnerbrosent,18841,0.04,3317700,0,2
11640096627,Warner Bros. Entertainment,,no,Company,warnerbrosent,18841,0.04,3317700,0,2
648203938602320,Pan,,no,Movie,PANMOVIE,294,0.0,338521,0,2
648203938602320,Pan,,no,Movie,PANMOVIE,294,0.0,338521,0,2
648203938602320,Pan,,no,Movie,PANMOVIE,294,0.0,338521,0,2
648203938602320,Pan,,no,Movie,PANMOVIE,294,0.0,338521,0,2
648203938602320,Pan,,no,Movie,PANMOVIE,294,0.0,338521,0,2
648203938602320,Pan,,no,Movie,PANMOVIE,294,0.0,338521,0,2
648203938602320,Pan,,no,Movie,PANMOVIE,294,0.0,338521,0,2
648203938602320,Pan,,no,Movie,PANMOVIE,294,0.0,338521,0,2
648203938602320,Pan,,no,Movie,PANMOVIE,294,0.0,338521,0,2
648203938602320,Pan,,no,Movie,PANMOVIE,294,0.0,338521,0,2
610961565609192,LEGO The Hobbit,,yes,Video Game,LEGOTheHobbitGame,168,0.0,394211,0,2
610961565609192,LEGO The Hobbit,,yes,Video Game,LEGOTheHobbitGame,168,0.0,394211,0,2
610961565609192,LEGO The Hobbit,,yes,Video Game,LEGOTheHobbitGame,168,0.0,394211,0,2
610961565609192,LEGO The Hobbit,,yes,Video Game,LEGOTheHobbitGame,168,0.0,394211,0,2
610961565609192,LEGO The Hobbit,,yes,Video Game,LEGOTheHobbitGame,168,0.0,394211,0,2
610961565609192,LEGO The Hobbit,,yes,Video Game,LEGOTheHobbitGame,168,0.0,394211,0,2
610961565609192,LEGO The Hobbit,,yes,Video Game,LEGOTheHobbitGame,168,0.0,394211,0,2
610961565609192,LEGO The Hobbit,,yes,Video Game,LEGOTheHobbitGame,168,0.0,394211,0,2
610961565609192,LEGO The Hobbit,,yes,Video Game,LEGOTheHobbitGame,168,0.0,394211,0,2
610961565609192,LEGO The Hobbit,,yes,Video Game,LEGOTheHobbitGame,168,0.0,394211,0,2
298184739645,WB Games,,no,Games/Toys,wbgames,6767,0.01,307102,0,2
298184739645,WB Games,,no,Games/Toys,wbgames,6767,0.01,307102,0,2
298184739645,WB Games,,no,Games/Toys,wbgames,6767,0.01,307102,0,2
298184739645,WB Games,,no,Games/Toys,wbgames,6767,0.01,307102,0,2
298184739645,WB Games,,no,Games/Toys,wbgames,6767,0.01,307102,0,2
298184739645,WB Games,,no,Games/Toys,wbgames,6767,0.01,307102,0,2
298184739645,WB Games,,no,Games/Toys,wbgames,6767,0.01,307102,0,2
298184739645,WB Games,,no,Games/Toys,wbgames,6767,0.01,307102,0,2
298184739645,WB Games,,no,Games/Toys,wbgames,6767,0.01,307102,0,2
298184739645,WB Games,,no,Games/Toys,wbgames,6767,0.01,307102,0,2
198997176809372,The Great Gatsby,,no,Movie,thegreatgatsbymovie,2659,0.0,1993670,1,2
198997176809372,The Great Gatsby,,no,Movie,thegreatgatsbymovie,2659,0.0,1993670,1,2
198997176809372,The Great Gatsby,,no,Movie,thegreatgatsbymovie,2659,0.0,1993670,1,2
198997176809372,The Great Gatsby,,no,Movie,thegreatgatsbymovie,2659,0.0,1993670,1,2
198997176809372,The Great Gatsby,,no,Movie,thegreatgatsbymovie,2659,0.0,1993670,1,2
198997176809372,The Great Gatsby,,no,Movie,thegreatgatsbymovie,2659,0.0,1993670,1,2
198997176809372,The Great Gatsby,,no,Movie,thegreatgatsbymovie,2659,0.0,1993670,1,2
198997176809372,The Great Gatsby,,no,Movie,thegreatgatsbymovie,2659,0.0,1993670,1,2
198997176809372,The Great Gatsby,,no,Movie,thegreatgatsbymovie,2659,0.0,1993670,1,2
198997176809372,The Great Gatsby,,no,Movie,thegreatgatsbymovie,2659,0.0,1993670,1,2
296025760408983,Warner Bros. Pictures,,no,Movie/Television Studio,WarnerBrosPictures,11308,0.16,26724495,1,2
296025760408983,Warner Bros. Pictures,,no,Movie/Television Studio,WarnerBrosPictures,11308,0.16,26724495,1,2
296025760408983,Warner Bros. Pictures,,no,Movie/Television Studio,WarnerBrosPictures,11308,0.16,26724495,1,2
296025760408983,Warner Bros. Pictures,,no,Movie/Television Studio,WarnerBrosPictures,11308,0.16,26724495,1,2
296025760408983,Warner Bros. Pictures,,no,Movie/Television Studio,WarnerBrosPictures,11308,0.16,26724495,1,2
296025760408983,Warner Bros. Pictures,,no,Movie/Television Studio,WarnerBrosPictures,11308,0.16,26724495,1,2
296025760408983,Warner Bros. Pictures,,no,Movie/Television Studio,WarnerBrosPictures,11308,0.16,26724495,1,2
296025760408983,Warner Bros. Pictures,,no,Movie/Television Studio,WarnerBrosPictures,11308,0.16,26724495,1,2
296025760408983,Warner Bros. Pictures,,no,Movie/Television Studio,WarnerBrosPictures,11308,0.16,26724495,1,2
296025760408983,Warner Bros. Pictures,,no,Movie/Television Studio,WarnerBrosPictures,11308,0.16,26724495,1,2
140262999339534,Batman Arkham,,yes,Games/Toys,BatmanArkham,3521,0.0,3085667,1,2
140262999339534,Batman Arkham,,yes,Games/Toys,BatmanArkham,3521,0.0,3085667,1,2
140262999339534,Batman Arkham,,yes,Games/Toys,BatmanArkham,3521,0.0,3085667,1,2
140262999339534,Batman Arkham,,yes,Games/Toys,BatmanArkham,3521,0.0,3085667,1,2
140262999339534,Batman Arkham,,yes,Games/Toys,BatmanArkham,3521,0.0,3085667,1,2
140262999339534,Batman Arkham,,yes,Games/Toys,BatmanArkham,3521,0.0,3085667,1,2
140262999339534,Batman Arkham,,yes,Games/Toys,BatmanArkham,3521,0.0,3085667,1,2
140262999339534,Batman Arkham,,yes,Games/Toys,BatmanArkham,3521,0.0,3085667,1,2
140262999339534,Batman Arkham,,yes,Games/Toys,BatmanArkham,3521,0.0,3085667,1,2
140262999339534,Batman Arkham,,yes,Games/Toys,BatmanArkham,3521,0.0,3085667,1,2
119132251453685,New Year's Eve,,no,Movie,newyearsevemovie,272,0.0,333789,0,2
119132251453685,New Year's Eve,,no,Movie,newyearsevemovie,272,0.0,333789,0,2
119132251453685,New Year's Eve,,no,Movie,newyearsevemovie,272,0.0,333789,0,2
119132251453685,New Year's Eve,,no,Movie,newyearsevemovie,272,0.0,333789,0,2
119132251453685,New Year's Eve,,no,Movie,newyearsevemovie,272,0.0,333789,0,2
119132251453685,New Year's Eve,,no,Movie,newyearsevemovie,272,0.0,333789,0,2
119132251453685,New Year's Eve,,no,Movie,newyearsevemovie,272,0.0,333789,0,2
119132251453685,New Year's Eve,,no,Movie,newyearsevemovie,272,0.0,333789,0,2
119132251453685,New Year's Eve,,no,Movie,newyearsevemovie,272,0.0,333789,0,2
119132251453685,New Year's Eve,,no,Movie,newyearsevemovie,272,0.0,333789,0,2
218748948150844,Rock of Ages (Movie),,no,Movie,RockofAges,601,0.0,435256,0,2
218748948150844,Rock of Ages (Movie),,no,Movie,RockofAges,601,0.0,435256,0,2
218748948150844,Rock of Ages (Movie),,no,Movie,RockofAges,601,0.0,435256,0,2
218748948150844,Rock of Ages (Movie),,no,Movie,RockofAges,601,0.0,435256,0,2
218748948150844,Rock of Ages (Movie),,no,Movie,RockofAges,601,0.0,435256,0,2
218748948150844,Rock of Ages (Movie),,no,Movie,RockofAges,601,0.0,435256,0,2
218748948150844,Rock of Ages (Movie),,no,Movie,RockofAges,601,0.0,435256,0,2
218748948150844,Rock of Ages (Movie),,no,Movie,RockofAges,601,0.0,435256,0,2
218748948150844,Rock of Ages (Movie),,no,Movie,RockofAges,601,0.0,435256,0,2
218748948150844,Rock of Ages (Movie),,no,Movie,RockofAges,601,0.0,435256,0,2
363905403620380,Camelot,,no,Movie,camelotmovie,20,0.0,22414,0,2
363905403620380,Camelot,,no,Movie,camelotmovie,20,0.0,22414,0,2
363905403620380,Camelot,,no,Movie,camelotmovie,20,0.0,22414,0,2
363905403620380,Camelot,,no,Movie,camelotmovie,20,0.0,22414,0,2
363905403620380,Camelot,,no,Movie,camelotmovie,20,0.0,22414,0,2
363905403620380,Camelot,,no,Movie,camelotmovie,20,0.0,22414,0,2
363905403620380,Camelot,,no,Movie,camelotmovie,20,0.0,22414,0,2
363905403620380,Camelot,,no,Movie,camelotmovie,20,0.0,22414,0,2
363905403620380,Camelot,,no,Movie,camelotmovie,20,0.0,22414,0,2
363905403620380,Camelot,,no,Movie,camelotmovie,20,0.0,22414,0,2
101948999936375,Television Out of the Box: An Exhibit by Warner Bros.,,no,Arts & Entertainment,TelevisionOutOfTheBox,6,0.0,9984,2,2
101948999936375,Television Out of the Box: An Exhibit by Warner Bros.,,no,Arts & Entertainment,TelevisionOutOfTheBox,6,0.0,9984,2,2
101948999936375,Television Out of the Box: An Exhibit by Warner Bros.,,no,Arts & Entertainment,TelevisionOutOfTheBox,6,0.0,9984,2,2
101948999936375,Television Out of the Box: An Exhibit by Warner Bros.,,no,Arts & Entertainment,TelevisionOutOfTheBox,6,0.0,9984,2,2
101948999936375,Television Out of the Box: An Exhibit by Warner Bros.,,no,Arts & Entertainment,TelevisionOutOfTheBox,6,0.0,9984,2,2
101948999936375,Television Out of the Box: An Exhibit by Warner Bros.,,no,Arts & Entertainment,TelevisionOutOfTheBox,6,0.0,9984,2,2
101948999936375,Television Out of the Box: An Exhibit by Warner Bros.,,no,Arts & Entertainment,TelevisionOutOfTheBox,6,0.0,9984,2,2
101948999936375,Television Out of the Box: An Exhibit by Warner Bros.,,no,Arts & Entertainment,TelevisionOutOfTheBox,6,0.0,9984,2,2
101948999936375,Television Out of the Box: An Exhibit by Warner Bros.,,no,Arts & Entertainment,TelevisionOutOfTheBox,6,0.0,9984,2,2
101948999936375,Television Out of the Box: An Exhibit by Warner Bros.,,no,Arts & Entertainment,TelevisionOutOfTheBox,6,0.0,9984,2,2
108163362593713,Born to Be Wild 3D,,yes,Movie,BornToBeWild3D,77,0.0,27218,0,2
108163362593713,Born to Be Wild 3D,,yes,Movie,BornToBeWild3D,77,0.0,27218,0,2
108163362593713,Born to Be Wild 3D,,yes,Movie,BornToBeWild3D,77,0.0,27218,0,2
108163362593713,Born to Be Wild 3D,,yes,Movie,BornToBeWild3D,77,0.0,27218,0,2
108163362593713,Born to Be Wild 3D,,yes,Movie,BornToBeWild3D,77,0.0,27218,0,2
108163362593713,Born to Be Wild 3D,,yes,Movie,BornToBeWild3D,77,0.0,27218,0,2
108163362593713,Born to Be Wild 3D,,yes,Movie,BornToBeWild3D,77,0.0,27218,0,2
108163362593713,Born to Be Wild 3D,,yes,Movie,BornToBeWild3D,77,0.0,27218,0,2
108163362593713,Born to Be Wild 3D,,yes,Movie,BornToBeWild3D,77,0.0,27218,0,2
108163362593713,Born to Be Wild 3D,,yes,Movie,BornToBeWild3D,77,0.0,27218,0,2
11648563484,DC Comics,,no,Company,dccomics,20621,0.2,3900759,2,2
11648563484,DC Comics,,no,Company,dccomics,20621,0.2,3900759,2,2
11648563484,DC Comics,,no,Company,dccomics,20621,0.2,3900759,2,2
11648563484,DC Comics,,no,Company,dccomics,20621,0.2,3900759,2,2
11648563484,DC Comics,,no,Company,dccomics,20621,0.2,3900759,2,2
11648563484,DC Comics,,no,Company,dccomics,20621,0.2,3900759,2,2
11648563484,DC Comics,,no,Company,dccomics,20621,0.2,3900759,2,2
11648563484,DC Comics,,no,Company,dccomics,20621,0.2,3900759,2,2
11648563484,DC Comics,,no,Company,dccomics,20621,0.2,3900759,2,2
11648563484,DC Comics,,no,Company,dccomics,20621,0.2,3900759,2,2
194846137225728,Harold & Kumar,,yes,Movie,HaroldandKumarMovie,1079,0.0,1042322,0,2
194846137225728,Harold & Kumar,,yes,Movie,HaroldandKumarMovie,1079,0.0,1042322,0,2
194846137225728,Harold & Kumar,,yes,Movie,HaroldandKumarMovie,1079,0.0,1042322,0,2
194846137225728,Harold & Kumar,,yes,Movie,HaroldandKumarMovie,1079,0.0,1042322,0,2
194846137225728,Harold & Kumar,,yes,Movie,HaroldandKumarMovie,1079,0.0,1042322,0,2
194846137225728,Harold & Kumar,,yes,Movie,HaroldandKumarMovie,1079,0.0,1042322,0,2
194846137225728,Harold & Kumar,,yes,Movie,HaroldandKumarMovie,1079,0.0,1042322,0,2
194846137225728,Harold & Kumar,,yes,Movie,HaroldandKumarMovie,1079,0.0,1042322,0,2
194846137225728,Harold & Kumar,,yes,Movie,HaroldandKumarMovie,1079,0.0,1042322,0,2
194846137225728,Harold & Kumar,,yes,Movie,HaroldandKumarMovie,1079,0.0,1042322,0,2
160617097307237,The Hobbit,,no,Movie,TheHobbitMovie,25345,0.0,7494209,0,2
160617097307237,The Hobbit,,no,Movie,TheHobbitMovie,25345,0.0,7494209,0,2
160617097307237,The Hobbit,,no,Movie,TheHobbitMovie,25345,0.0,7494209,0,2
160617097307237,The Hobbit,,no,Movie,TheHobbitMovie,25345,0.0,7494209,0,2
160617097307237,The Hobbit,,no,Movie,TheHobbitMovie,25345,0.0,7494209,0,2
160617097307237,The Hobbit,,no,Movie,TheHobbitMovie,25345,0.0,7494209,0,2
160617097307237,The Hobbit,,no,Movie,TheHobbitMovie,25345,0.0,7494209,0,2
160617097307237,The Hobbit,,no,Movie,TheHobbitMovie,25345,0.0,7494209,0,2
160617097307237,The Hobbit,,no,Movie,TheHobbitMovie,25345,0.0,7494209,0,2
160617097307237,The Hobbit,,no,Movie,TheHobbitMovie,25345,0.0,7494209,0,2
225034700870481,The Dark Knight Rises,,no,Movie,thedarkknightrises,4324,0.0,6125120,1,2
225034700870481,The Dark Knight Rises,,no,Movie,thedarkknightrises,4324,0.0,6125120,1,2
225034700870481,The Dark Knight Rises,,no,Movie,thedarkknightrises,4324,0.0,6125120,1,2
225034700870481,The Dark Knight Rises,,no,Movie,thedarkknightrises,4324,0.0,6125120,1,2
225034700870481,The Dark Knight Rises,,no,Movie,thedarkknightrises,4324,0.0,6125120,1,2
225034700870481,The Dark Knight Rises,,no,Movie,thedarkknightrises,4324,0.0,6125120,1,2
225034700870481,The Dark Knight Rises,,no,Movie,thedarkknightrises,4324,0.0,6125120,1,2
225034700870481,The Dark Knight Rises,,no,Movie,thedarkknightrises,4324,0.0,6125120,1,2
225034700870481,The Dark Knight Rises,,no,Movie,thedarkknightrises,4324,0.0,6125120,1,2
225034700870481,The Dark Knight Rises,,no,Movie,thedarkknightrises,4324,0.0,6125120,1,2
209402479080745,J. Edgar,,no,Movie,jedgarmovie,80,0.0,80738,0,2
209402479080745,J. Edgar,,no,Movie,jedgarmovie,80,0.0,80738,0,2
209402479080745,J. Edgar,,no,Movie,jedgarmovie,80,0.0,80738,0,2
209402479080745,J. Edgar,,no,Movie,jedgarmovie,80,0.0,80738,0,2
209402479080745,J. Edgar,,no,Movie,jedgarmovie,80,0.0,80738,0,2
209402479080745,J. Edgar,,no,Movie,jedgarmovie,80,0.0,80738,0,2
209402479080745,J. Edgar,,no,Movie,jedgarmovie,80,0.0,80738,0,2
209402479080745,J. Edgar,,no,Movie,jedgarmovie,80,0.0,80738,0,2
209402479080745,J. Edgar,,no,Movie,jedgarmovie,80,0.0,80738,0,2
209402479080745,J. Edgar,,no,Movie,jedgarmovie,80,0.0,80738,0,2
162702857087239,Crazy, Stupid, Love.,,yes,Movie,crazystupidlove,1815,0.0,1032456,0,2
162702857087239,Crazy, Stupid, Love.,,yes,Movie,crazystupidlove,1815,0.0,1032456,0,2
162702857087239,Crazy, Stupid, Love.,,yes,Movie,crazystupidlove,1815,0.0,1032456,0,2
162702857087239,Crazy, Stupid, Love.,,yes,Movie,crazystupidlove,1815,0.0,1032456,0,2
162702857087239,Crazy, Stupid, Love.,,yes,Movie,crazystupidlove,1815,0.0,1032456,0,2
162702857087239,Crazy, Stupid, Love.,,yes,Movie,crazystupidlove,1815,0.0,1032456,0,2
162702857087239,Crazy, Stupid, Love.,,yes,Movie,crazystupidlove,1815,0.0,1032456,0,2
162702857087239,Crazy, Stupid, Love.,,yes,Movie,crazystupidlove,1815,0.0,1032456,0,2
162702857087239,Crazy, Stupid, Love.,,yes,Movie,crazystupidlove,1815,0.0,1032456,0,2
162702857087239,Crazy, Stupid, Love.,,yes,Movie,crazystupidlove,1815,0.0,1032456,0,2
209168032468625,Warner Bros. Cine - Latino,,yes,Movie/Television Studio,WarnerBrosCine,11209,0.1,2681509,0,2
209168032468625,Warner Bros. Cine - Latino,,yes,Movie/Television Studio,WarnerBrosCine,11209,0.1,2681509,0,2
209168032468625,Warner Bros. Cine - Latino,,yes,Movie/Television Studio,WarnerBrosCine,11209,0.1,2681509,0,2
209168032468625,Warner Bros. Cine - Latino,,yes,Movie/Television Studio,WarnerBrosCine,11209,0.1,2681509,0,2
209168032468625,Warner Bros. Cine - Latino,,yes,Movie/Television Studio,WarnerBrosCine,11209,0.1,2681509,0,2
209168032468625,Warner Bros. Cine - Latino,,yes,Movie/Television Studio,WarnerBrosCine,11209,0.1,2681509,0,2
209168032468625,Warner Bros. Cine - Latino,,yes,Movie/Television Studio,WarnerBrosCine,11209,0.1,2681509,0,2
209168032468625,Warner Bros. Cine - Latino,,yes,Movie/Television Studio,WarnerBrosCine,11209,0.1,2681509,0,2
209168032468625,Warner Bros. Cine - Latino,,yes,Movie/Television Studio,WarnerBrosCine,11209,0.1,2681509,0,2
209168032468625,Warner Bros. Cine - Latino,,yes,Movie/Television Studio,WarnerBrosCine,11209,0.1,2681509,0,2
74089565764,The Hangover,,no,Movie,thehangover,12803,0.0,21397811,0,2
74089565764,The Hangover,,no,Movie,thehangover,12803,0.0,21397811,0,2
74089565764,The Hangover,,no,Movie,thehangover,12803,0.0,21397811,0,2
74089565764,The Hangover,,no,Movie,thehangover,12803,0.0,21397811,0,2
74089565764,The Hangover,,no,Movie,thehangover,12803,0.0,21397811,0,2
74089565764,The Hangover,,no,Movie,thehangover,12803,0.0,21397811,0,2
74089565764,The Hangover,,no,Movie,thehangover,12803,0.0,21397811,0,2
74089565764,The Hangover,,no,Movie,thehangover,12803,0.0,21397811,0,2
74089565764,The Hangover,,no,Movie,thehangover,12803,0.0,21397811,0,2
74089565764,The Hangover,,no,Movie,thehangover,12803,0.0,21397811,0,2
208057699215690,Aim High,,no,Entertainment Website,AimHighSeries,12,0.0,30970,0,2
208057699215690,Aim High,,no,Entertainment Website,AimHighSeries,12,0.0,30970,0,2
208057699215690,Aim High,,no,Entertainment Website,AimHighSeries,12,0.0,30970,0,2
208057699215690,Aim High,,no,Entertainment Website,AimHighSeries,12,0.0,30970,0,2
208057699215690,Aim High,,no,Entertainment Website,AimHighSeries,12,0.0,30970,0,2
208057699215690,Aim High,,no,Entertainment Website,AimHighSeries,12,0.0,30970,0,2
208057699215690,Aim High,,no,Entertainment Website,AimHighSeries,12,0.0,30970,0,2
208057699215690,Aim High,,no,Entertainment Website,AimHighSeries,12,0.0,30970,0,2
208057699215690,Aim High,,no,Entertainment Website,AimHighSeries,12,0.0,30970,0,2
208057699215690,Aim High,,no,Entertainment Website,AimHighSeries,12,0.0,30970,0,2
152894501427424,Warner Bros. Studio Tour London,,yes,Landmark & Historical Place,wbtourlondon,25380,0.32,857571,1,2
152894501427424,Warner Bros. Studio Tour London,,yes,Landmark & Historical Place,wbtourlondon,25380,0.32,857571,1,2
152894501427424,Warner Bros. Studio Tour London,,yes,Landmark & Historical Place,wbtourlondon,25380,0.32,857571,1,2
152894501427424,Warner Bros. Studio Tour London,,yes,Landmark & Historical Place,wbtourlondon,25380,0.32,857571,1,2
152894501427424,Warner Bros. Studio Tour London,,yes,Landmark & Historical Place,wbtourlondon,25380,0.32,857571,1,2
152894501427424,Warner Bros. Studio Tour London,,yes,Landmark & Historical Place,wbtourlondon,25380,0.32,857571,1,2
152894501427424,Warner Bros. Studio Tour London,,yes,Landmark & Historical Place,wbtourlondon,25380,0.32,857571,1,2
152894501427424,Warner Bros. Studio Tour London,,yes,Landmark & Historical Place,wbtourlondon,25380,0.32,857571,1,2
152894501427424,Warner Bros. Studio Tour London,,yes,Landmark & Historical Place,wbtourlondon,25380,0.32,857571,1,2
152894501427424,Warner Bros. Studio Tour London,,yes,Landmark & Historical Place,wbtourlondon,25380,0.32,857571,1,2
144959715764,Green Lantern (Movie),,no,Movie,greenlanternmovie,4112,0.0,4144583,0,2
144959715764,Green Lantern (Movie),,no,Movie,greenlanternmovie,4112,0.0,4144583,0,2
144959715764,Green Lantern (Movie),,no,Movie,greenlanternmovie,4112,0.0,4144583,0,2
144959715764,Green Lantern (Movie),,no,Movie,greenlanternmovie,4112,0.0,4144583,0,2
144959715764,Green Lantern (Movie),,no,Movie,greenlanternmovie,4112,0.0,4144583,0,2
144959715764,Green Lantern (Movie),,no,Movie,greenlanternmovie,4112,0.0,4144583,0,2
144959715764,Green Lantern (Movie),,no,Movie,greenlanternmovie,4112,0.0,4144583,0,2
144959715764,Green Lantern (Movie),,no,Movie,greenlanternmovie,4112,0.0,4144583,0,2
144959715764,Green Lantern (Movie),,no,Movie,greenlanternmovie,4112,0.0,4144583,0,2
144959715764,Green Lantern (Movie),,no,Movie,greenlanternmovie,4112,0.0,4144583,0,2
154177751317986,Ben-Hur,,yes,Movie,BenHurMovie,474,0.0,340920,2,2
154177751317986,Ben-Hur,,yes,Movie,BenHurMovie,474,0.0,340920,2,2
154177751317986,Ben-Hur,,yes,Movie,BenHurMovie,474,0.0,340920,2,2
154177751317986,Ben-Hur,,yes,Movie,BenHurMovie,474,0.0,340920,2,2
154177751317986,Ben-Hur,,yes,Movie,BenHurMovie,474,0.0,340920,2,2
154177751317986,Ben-Hur,,yes,Movie,BenHurMovie,474,0.0,340920,2,2
154177751317986,Ben-Hur,,yes,Movie,BenHurMovie,474,0.0,340920,2,2
154177751317986,Ben-Hur,,yes,Movie,BenHurMovie,474,0.0,340920,2,2
154177751317986,Ben-Hur,,yes,Movie,BenHurMovie,474,0.0,340920,2,2
154177751317986,Ben-Hur,,yes,Movie,BenHurMovie,474,0.0,340920,2,2
212216417436,The Lord of the Rings Trilogy,,no,Movie,lordoftheringstrilogy,8784,0.0,13876365,0,2
212216417436,The Lord of the Rings Trilogy,,no,Movie,lordoftheringstrilogy,8784,0.0,13876365,0,2
212216417436,The Lord of the Rings Trilogy,,no,Movie,lordoftheringstrilogy,8784,0.0,13876365,0,2
212216417436,The Lord of the Rings Trilogy,,no,Movie,lordoftheringstrilogy,8784,0.0,13876365,0,2
212216417436,The Lord of the Rings Trilogy,,no,Movie,lordoftheringstrilogy,8784,0.0,13876365,0,2
212216417436,The Lord of the Rings Trilogy,,no,Movie,lordoftheringstrilogy,8784,0.0,13876365,0,2
212216417436,The Lord of the Rings Trilogy,,no,Movie,lordoftheringstrilogy,8784,0.0,13876365,0,2
212216417436,The Lord of the Rings Trilogy,,no,Movie,lordoftheringstrilogy,8784,0.0,13876365,0,2
212216417436,The Lord of the Rings Trilogy,,no,Movie,lordoftheringstrilogy,8784,0.0,13876365,0,2
212216417436,The Lord of the Rings Trilogy,,no,Movie,lordoftheringstrilogy,8784,0.0,13876365,0,2
156794164312,Harry Potter,,no,Movie,harrypottermovie,216782,0.04,75457113,1,2
156794164312,Harry Potter,,no,Movie,harrypottermovie,216782,0.04,75457113,1,2
156794164312,Harry Potter,,no,Movie,harrypottermovie,216782,0.04,75457113,1,2
156794164312,Harry Potter,,no,Movie,harrypottermovie,216782,0.04,75457113,1,2
156794164312,Harry Potter,,no,Movie,harrypottermovie,216782,0.04,75457113,1,2
156794164312,Harry Potter,,no,Movie,harrypottermovie,216782,0.04,75457113,1,2
156794164312,Harry Potter,,no,Movie,harrypottermovie,216782,0.04,75457113,1,2
156794164312,Harry Potter,,no,Movie,harrypottermovie,216782,0.04,75457113,1,2
156794164312,Harry Potter,,no,Movie,harrypottermovie,216782,0.04,75457113,1,2
156794164312,Harry Potter,,no,Movie,harrypottermovie,216782,0.04,75457113,1,2
186020545045,Warner Bros. Studio Tour Hollywood,,yes,Local Business,wbtourhollywood,8023,0.04,176054,2,2
186020545045,Warner Bros. Studio Tour Hollywood,,yes,Local Business,wbtourhollywood,8023,0.04,176054,2,2
186020545045,Warner Bros. Studio Tour Hollywood,,yes,Local Business,wbtourhollywood,8023,0.04,176054,2,2
186020545045,Warner Bros. Studio Tour Hollywood,,yes,Local Business,wbtourhollywood,8023,0.04,176054,2,2
186020545045,Warner Bros. Studio Tour Hollywood,,yes,Local Business,wbtourhollywood,8023,0.04,176054,2,2
186020545045,Warner Bros. Studio Tour Hollywood,,yes,Local Business,wbtourhollywood,8023,0.04,176054,2,2
186020545045,Warner Bros. Studio Tour Hollywood,,yes,Local Business,wbtourhollywood,8023,0.04,176054,2,2
186020545045,Warner Bros. Studio Tour Hollywood,,yes,Local Business,wbtourhollywood,8023,0.04,176054,2,2
186020545045,Warner Bros. Studio Tour Hollywood,,yes,Local Business,wbtourhollywood,8023,0.04,176054,2,2
186020545045,Warner Bros. Studio Tour Hollywood,,yes,Local Business,wbtourhollywood,8023,0.04,176054,2,2
53569778639,Warner Blu,,no,Company,WarnerBlu,48,0.0,64019,0,2
53569778639,Warner Blu,,no,Company,WarnerBlu,48,0.0,64019,0,2
53569778639,Warner Blu,,no,Company,WarnerBlu,48,0.0,64019,0,2
53569778639,Warner Blu,,no,Company,WarnerBlu,48,0.0,64019,0,2
53569778639,Warner Blu,,no,Company,WarnerBlu,48,0.0,64019,0,2
53569778639,Warner Blu,,no,Company,WarnerBlu,48,0.0,64019,0,2
53569778639,Warner Blu,,no,Company,WarnerBlu,48,0.0,64019,0,2
53569778639,Warner Blu,,no,Company,WarnerBlu,48,0.0,64019,0,2
53569778639,Warner Blu,,no,Company,WarnerBlu,48,0.0,64019,0,2
53569778639,Warner Blu,,no,Company,WarnerBlu,48,0.0,64019,0,2
211855160060,WB Shop,,no,Retail Company,wbshop,163,0.0,132973,2,2
211855160060,WB Shop,,no,Retail Company,wbshop,163,0.0,132973,2,2
211855160060,WB Shop,,no,Retail Company,wbshop,163,0.0,132973,2,2
211855160060,WB Shop,,no,Retail Company,wbshop,163,0.0,132973,2,2
211855160060,WB Shop,,no,Retail Company,wbshop,163,0.0,132973,2,2
211855160060,WB Shop,,no,Retail Company,wbshop,163,0.0,132973,2,2
211855160060,WB Shop,,no,Retail Company,wbshop,163,0.0,132973,2,2
211855160060,WB Shop,,no,Retail Company,wbshop,163,0.0,132973,2,2
211855160060,WB Shop,,no,Retail Company,wbshop,163,0.0,132973,2,2
211855160060,WB Shop,,no,Retail Company,wbshop,163,0.0,132973,2,2
205910361562,Warner Archive Collection,,yes,Movie/Television Studio,warnerarchive,9805,0.27,196863,2,2
205910361562,Warner Archive Collection,,yes,Movie/Television Studio,warnerarchive,9805,0.27,196863,2,2
205910361562,Warner Archive Collection,,yes,Movie/Television Studio,warnerarchive,9805,0.27,196863,2,2
205910361562,Warner Archive Collection,,yes,Movie/Television Studio,warnerarchive,9805,0.27,196863,2,2
205910361562,Warner Archive Collection,,yes,Movie/Television Studio,warnerarchive,9805,0.27,196863,2,2
205910361562,Warner Archive Collection,,yes,Movie/Television Studio,warnerarchive,9805,0.27,196863,2,2
205910361562,Warner Archive Collection,,yes,Movie/Television Studio,warnerarchive,9805,0.27,196863,2,2
205910361562,Warner Archive Collection,,yes,Movie/Television Studio,warnerarchive,9805,0.27,196863,2,2
205910361562,Warner Archive Collection,,yes,Movie/Television Studio,warnerarchive,9805,0.27,196863,2,2
205910361562,Warner Archive Collection,,yes,Movie/Television Studio,warnerarchive,9805,0.27,196863,2,2
111253159609,Time Warner,,no,Media/News Company,TimeWarner,132,0.03,133894,2,2
111253159609,Time Warner,,no,Media/News Company,TimeWarner,132,0.03,133894,2,2
111253159609,Time Warner,,no,Media/News Company,TimeWarner,132,0.03,133894,2,2
111253159609,Time Warner,,no,Media/News Company,TimeWarner,132,0.03,133894,2,2
111253159609,Time Warner,,no,Media/News Company,TimeWarner,132,0.03,133894,2,2
111253159609,Time Warner,,no,Media/News Company,TimeWarner,132,0.03,133894,2,2
111253159609,Time Warner,,no,Media/News Company,TimeWarner,132,0.03,133894,2,2
111253159609,Time Warner,,no,Media/News Company,TimeWarner,132,0.03,133894,2,2
111253159609,Time Warner,,no,Media/News Company,TimeWarner,132,0.03,133894,2,2
111253159609,Time Warner,,no,Media/News Company,TimeWarner,132,0.03,133894,2,2
23330993776,Warner Bros. TV,,no,Movie/Television Studio,warnerbrostv,7991,0.07,520056,2,2
23330993776,Warner Bros. TV,,no,Movie/Television Studio,warnerbrostv,7991,0.07,520056,2,2
23330993776,Warner Bros. TV,,no,Movie/Television Studio,warnerbrostv,7991,0.07,520056,2,2
23330993776,Warner Bros. TV,,no,Movie/Television Studio,warnerbrostv,7991,0.07,520056,2,2
23330993776,Warner Bros. TV,,no,Movie/Television Studio,warnerbrostv,7991,0.07,520056,2,2
23330993776,Warner Bros. TV,,no,Movie/Television Studio,warnerbrostv,7991,0.07,520056,2,2
23330993776,Warner Bros. TV,,no,Movie/Television Studio,warnerbrostv,7991,0.07,520056,2,2
23330993776,Warner Bros. TV,,no,Movie/Television Studio,warnerbrostv,7991,0.07,520056,2,2
23330993776,Warner Bros. TV,,no,Movie/Television Studio,warnerbrostv,7991,0.07,520056,2,2
23330993776,Warner Bros. TV,,no,Movie/Television Studio,warnerbrostv,7991,0.07,520056,2,2
8062362435,The CW,,no,TV Network,TheCW,8684,0.11,1748322,2,2
8062362435,The CW,,no,TV Network,TheCW,8684,0.11,1748322,2,2
8062362435,The CW,,no,TV Network,TheCW,8684,0.11,1748322,2,2
8062362435,The CW,,no,TV Network,TheCW,8684,0.11,1748322,2,2
8062362435,The CW,,no,TV Network,TheCW,8684,0.11,1748322,2,2
8062362435,The CW,,no,TV Network,TheCW,8684,0.11,1748322,2,2
8062362435,The CW,,no,TV Network,TheCW,8684,0.11,1748322,2,2
8062362435,The CW,,no,TV Network,TheCW,8684,0.11,1748322,2,2
8062362435,The CW,,no,TV Network,TheCW,8684,0.11,1748322,2,2
8062362435,The CW,,no,TV Network,TheCW,8684,0.11,1748322,2,2
